<Backups xmlns="http://www.microsoft.com/GroupPolicy/GPOOperations/Manifest" xmlns:mfst="http://www.microsoft.com/GroupPolicy/GPOOperations/Manifest" mfst:version="1.0"><BackupInst><GPOGuid><![CDATA[{9D765EE8-E3F8-4D9B-ACF8-67C11D010342}]]></GPOGuid><GPODomain><![CDATA[scrapaper.ca]]></GPODomain><GPODomainGuid><![CDATA[{008c9e3b-a88d-4fc5-8e20-ac82b5cd0bfc}]]></GPODomainGuid><GPODomainController><![CDATA[DC01.scrapaper.ca]]></GPODomainController><BackupTime><![CDATA[2022-03-24T23:42:40]]></BackupTime><ID><![CDATA[{FC25B451-2F34-4BCF-8753-9D117AE6280A}]]></ID><Comment><![CDATA[]]></Comment><GPODisplayName><![CDATA[MS-L1]]></GPODisplayName></BackupInst></Backups>